[
  {
    "id": 1,
    "roomNumber": "101",
    "type": "Стандарт",
    "price": 2500,
    "createdAt": "2024-01-15T10:00:00.000Z"
  },
  {
    "id": 2,
    "roomNumber": "201",
    "type": "Люкс",
    "price": 5000,
    "createdAt": "2024-01-15T10:05:00.000Z"
  },
  {
    "id": 3,
    "roomNumber": "301",
    "type": "Премиум",
    "price": 7500,
    "createdAt": "2024-01-15T10:10:00.000Z"
  },
  {
    "id": 4,
    "roomNumber": "102",
    "type": "Стандарт",
    "price": 2300,
    "createdAt": "2024-01-15T10:15:00.000Z"
  },
  {
    "id": 5,
    "roomNumber": "202",
    "type": "Люкс",
    "price": 5500,
    "createdAt": "2024-01-15T10:20:00.000Z"
  }
]
